NickName,Province,City
李雨轩,Styria,
天山雪莲,云南,玉溪
桜吹雪,Zurich,
九龙帝君,云南,玉溪
郑迪涵是大美女❤️,云南,玉溪
宋谨曦,,
悦,云南,昆明
头上一片天空,,
co co ni,云南,玉溪
KID,Paris,
希望的钟声,云南,玉溪
叫我平田菌,云南,玉溪
小同同的端端,云南,玉溪
。,,
雪豹,云南,玉溪
A💎我叫呆呆呆,,
yang ying,云南,玉溪
王学成,Wan Chai,
科学少年。,云南,玉溪
果里,云南,玉溪
马点点,云南,大理
大脸盘子,黑龙江,大庆
哈哈静.  😘,云南,大理
采姑娘的小蘑菇,,
萌面超超超人～,,
方圆地板～小李,云南,玉溪
leezz,云南,玉溪
小妖精,,
郑琳民,云南,玉溪
Cream Lab 囍迎,云南,玉溪
L.M,云南,曲靖
杨园园,云南,曲靖
Exist w。,,
7./,北京,海淀
青松,云南,玉溪
@Z.,云南,玉溪
喵🐱,Paris,
EVILARK💪🏽,云南,玉溪
詹凡AKA彦祖,云南,玉溪
 ,Washington,Seattle City
NaTata.👧🏻,云南,玉溪
中·沅,Serra da Estrela,
sulice♛,云南,玉溪
沉于若梦。,Auckland,
🍞🎂🐮,云南,玉溪
文特沃斯,云南,玉溪
婷 (๑• . •๑),云南,玉溪
syy,,
天涯,云南,玉溪
Tomie,,
learning,云南,玉溪
略略略,,
贇 💭,云南,玉溪
李梦,云南,玉溪
韩愈,云南,昆明
哭哭又笑笑❇,云南,玉溪
饭饭🐾,,
劉,四川,成都
吴喜胖,云南,玉溪
段晓云,云南,玉溪
楠咪,,
小黎,云南,玉溪
张晓月,北京,海淀
Sun Y,,
@,云南,玉溪
季然,云南,玉溪
HM.Z,云南,玉溪
😜,云南,玉溪
新露美甲15987086778,Coloane,
BaBy,云南,玉溪
Templar丶M,Budapest,
901,,
L8,云南,玉溪
欢伮,,
Pel。,云南,玉溪
HUANGXIANG  💋,云南,玉溪
朱泓宇,云南,玉溪
summer🌞,,
瘾,云南,玉溪
喵皇的铲屎官,云南,
昏昏,重庆,渝北
穿越的小污🐟,,
😖周舟🌟,云南,昆明
A0🙆🏼榕儿美瞳12号店,,
咖啡先生,云南,昆明
JdgMx,云南,玉溪
The Old 🌙,云南,玉溪
。王炸,California,San Francisco City
阿阿阿～阿秋,,
Firework,云南,昆明
胡斌,云南,玉溪
吃了🍓就瘦身,云南,玉溪
凯凯数码,,
七七,云南,玉溪
arc en ciel。,,
小雨沥沥,云南,玉溪
琛。🌾,云南,玉溪
巴扎黑,云南,玉溪
楊,,
omego,,
李艳妮,Barcelona,
玉簟秋,四川,成都
cool😄,云南,玉溪
张秀江,,
。,云南,红河
陆玉琼,云南,玉溪
YoloZ,云南,玉溪
环山路张家灰,云南,玉溪
Y X,云南,玉溪
Alone,云南,玉溪
无李头,云南,玉溪
小程全球购～,广东,深圳
A-盈满汽配发动机专营店,云南,玉溪
阿瑄圆滚滚🐘,,
我不知道霖,天津,滨海新区
翻滚的小笼包,云南,玉溪
灰灰是个菇凉,,
ccccute,,
隔壁班小X,Dublin,
ʜᴀɴ ʟᴇᴇ,,
Hear,阿拉蕾,蕾拉
熙熙说她是仙女,云南,昆明
我的病就是某的赶脚,云南,玉溪
💗咖啡色小胖子💗,,
酒馆三零二,湖南,长沙
何诗诗诗诗诗,Bangkok,
哔啵儿哔啵啾,云南,玉溪
3M,云南,红河
阡纤浅,云南,玉溪
RainMan,云南,玉溪
          Someone,,
凉。,云南,玉溪
代码,云南,玉溪
高玄,云南,玉溪
super super🐘,Hawaii,Hilo
史蒂芬.,New York,New York
゛я_,,
ZQY,云南,玉溪
Mr Young 🍒,云南,昆明
说曹操曹操到*snow*,云南,玉溪
小雨果,,
💗dream house 🏡,New York,New York
A.瑶瑶🌻海外美妆代GO,Blagoveshchensk,
杨颖,Vienna,
戴_yq,云南,玉溪
Emma,北京,大兴
杨颖,云南,昆明
你的宝贝跌倒了,云南,玉溪
长街,云南,玉溪
Vino❇,California,Los Angeles City
浩然凶.,云南,玉溪
段桂梅🌿,云南,玉溪
🍓,云南,玉溪
旺财,云南,玉溪
小调💅💄,云南,玉溪
Lijqzhz,云南,玉溪
同学,云南,玉溪
玉溪盘子古装摄影～陈艳飞,云南,玉溪
Demi,云南,玉溪
√3,Florida,Miami
追☆*:.｡. o(≧▽≦)o .｡.:*☆,Dubayy,
.,云南,玉溪
wdd💭,,
free.假期接单啦,Canberra,
way,,
😍,云南,昆明
柴羽,,
Lucky dog🐠,云南,玉溪
邓xy,云南,玉溪
暗花,云南,昆明
小奇是只猫丶,云南,玉溪
R:X.,云南,玉溪
Lothar,,
Twilight°,云南,曲靖
你长得好像比我丑,,
正好 人满请加16608776669,云南,玉溪
久💋,,
赵喜瘦,云南,玉溪
_Lux,Dubayy,
鵺,云南,玉溪
🍓,Michigan,Lansing
脸红💜,云南,玉溪
李溪赟龙,云南,玉溪
clz,云南,玉溪
李俊澄,上海,黄浦
LL晓艳,云南,玉溪
异度不同时,云南,昆明
言二三,云南,玉溪
Luei,,
🐒,云南,玉溪
Zhang Rui,,
Anoxia👻,Wexford,
枫羽,,
v,云南,玉溪
Orange moon,云南,昆明
J,云南,玉溪
会飞的大象,云南,玉溪
Lee金金金คิดถึง,云南,玉溪
里里,云南,玉溪
小鹿,California,San Francisco
勒布朗·彭于晏·琛·马,Ohio,Akron City
Joker✘,云南,玉溪
Sunflower,广东,广州
J.,云南,玉溪
S.霸王愉鸡（ALL IN）,云南,玉溪
虫二,云南,玉溪
🍂,云南,玉溪
CCJJ,,
_长翅膀的鱼,云南,玉溪
WEI,云南,玉溪
丸子美瞳6号（周日休息）,,
Melody👑,云南,玉溪
海鸟旅游小黄🍀,,
HYJ🍥,,
LuRE。,四川,成都
Yuki💌,Ottawa,
Shao,云南,玉溪
💗小何何💗,云南,玉溪
阿宝色💋,Washington,Seattle
怯,云南,玉溪
Uninstitutionalized,云南,玉溪
三三,Nusa Tenggara Barat,
IWATCHEDHIMDROWN,,
玛嘉,,
Bananalicious,,
哈哈哈🍈 蜜瓜,Freiburg,
瑞瑞,云南,玉溪
小谁,云南,玉溪
潇,云南,玉溪
👼angelayy,浙江,杭州
匣与桔🐯,云南,玉溪
累的时候喝口水,云南,玉溪
Yoko,,
Z.,,
大美美的臭臭,云南,玉溪
热狗蛋堡君,云南,玉溪
树姑娘,云南,曲靖
Echo 👑,云南,玉溪
郭航宇,Chon Buri,
君未森,云南,昆明
港予🌊,云南,玉溪
😈,云南,玉溪
ZW~,,
永远有多远,云南,玉溪
zz,云南,玉溪
萨尔茨堡的鱼,Dublin,
Merlin 二脚猫摄影🐱,北京,
Meteorite,,
不灭,,
毫厘🙇🏻🙇🏻,云南,玉溪
丹儿,上海,静安
101010,广东,广州
抛哥哥🌈,云南,大理
Vivinan,Kedah,Pendang
Wusheng,云南,玉溪
·  Hannah  🌵,云南,玉溪
一颗🍒。,,
ZYH-,,
首驿精品连锁酒店*何定益,云南,丽江
X,,
叁柒贰拾①,云南,昆明
🐬,河南,郑州
大魔王,云南,玉溪
足力健,云南,玉溪
张志成 (01229228168）Thành,,
IiI Moo,云南,玉溪
Secret.,云南,大理
伊芙琳的时代,云南,玉溪
哈哈哈表演家,云南,昆明
阿里个某门特🦍,云南,玉溪
🎸,云南,昆明
梦醒聽、雪,,
小阿花🌸,,
Mr Li,,
王锟WK,Lyon,
sakura,,
